step,policy,mean_regret,stderr
1,epsilon-greedy(0.10),0.168,0.007
51,epsilon-greedy(0.10),7.888,0.343
101,epsilon-greedy(0.10),14.738,0.727
152,epsilon-greedy(0.10),20.976,1.119
202,epsilon-greedy(0.10),26.662,1.521
253,epsilon-greedy(0.10),32.340,1.933
303,epsilon-greedy(0.10),37.370,2.317
354,epsilon-greedy(0.10),42.020,2.684
404,epsilon-greedy(0.10),46.090,3.027
455,epsilon-greedy(0.10),49.908,3.358
505,epsilon-greedy(0.10),53.486,3.674
556,epsilon-greedy(0.10),56.770,3.985
606,epsilon-greedy(0.10),59.726,4.273
657,epsilon-greedy(0.10),62.512,4.542
707,epsilon-greedy(0.10),65.168,4.811
758,epsilon-greedy(0.10),67.536,5.043
808,epsilon-greedy(0.10),69.644,5.247
859,epsilon-greedy(0.10),71.782,5.440
909,epsilon-greedy(0.10),73.716,5.641
960,epsilon-greedy(0.10),75.706,5.852
1010,epsilon-greedy(0.10),77.616,6.061
1061,epsilon-greedy(0.10),79.396,6.248
1111,epsilon-greedy(0.10),81.028,6.408
1162,epsilon-greedy(0.10),82.670,6.576
1212,epsilon-greedy(0.10),84.226,6.733
1263,epsilon-greedy(0.10),85.826,6.888
1313,epsilon-greedy(0.10),87.368,7.039
1364,epsilon-greedy(0.10),88.900,7.203
1414,epsilon-greedy(0.10),90.456,7.361
1465,epsilon-greedy(0.10),92.018,7.532
1515,epsilon-greedy(0.10),93.536,7.699
1566,epsilon-greedy(0.10),95.084,7.876
1616,epsilon-greedy(0.10),96.606,8.055
1667,epsilon-greedy(0.10),98.164,8.231
1717,epsilon-greedy(0.10),99.606,8.388
1768,epsilon-greedy(0.10),101.050,8.520
1818,epsilon-greedy(0.10),102.448,8.635
1869,epsilon-greedy(0.10),103.668,8.742
1919,epsilon-greedy(0.10),104.782,8.816
1970,epsilon-greedy(0.10),105.906,8.869
2020,epsilon-greedy(0.10),106.968,8.932
2071,epsilon-greedy(0.10),108.086,8.997
2121,epsilon-greedy(0.10),109.192,9.055
2172,epsilon-greedy(0.10),110.266,9.117
2222,epsilon-greedy(0.10),111.444,9.176
2273,epsilon-greedy(0.10),112.428,9.211
2323,epsilon-greedy(0.10),113.344,9.225
2374,epsilon-greedy(0.10),114.280,9.230
2424,epsilon-greedy(0.10),115.178,9.233
2475,epsilon-greedy(0.10),116.050,9.235
2525,epsilon-greedy(0.10),116.978,9.232
2576,epsilon-greedy(0.10),117.872,9.228
2626,epsilon-greedy(0.10),118.850,9.221
2677,epsilon-greedy(0.10),119.794,9.220
2727,epsilon-greedy(0.10),120.708,9.227
2778,epsilon-greedy(0.10),121.642,9.221
2828,epsilon-greedy(0.10),122.514,9.223
2879,epsilon-greedy(0.10),123.440,9.229
2929,epsilon-greedy(0.10),124.296,9.231
2980,epsilon-greedy(0.10),125.176,9.232
3030,epsilon-greedy(0.10),126.120,9.236
3081,epsilon-greedy(0.10),126.998,9.236
3131,epsilon-greedy(0.10),127.896,9.236
3182,epsilon-greedy(0.10),128.900,9.235
3232,epsilon-greedy(0.10),129.880,9.232
3283,epsilon-greedy(0.10),130.748,9.229
3333,epsilon-greedy(0.10),131.624,9.226
3384,epsilon-greedy(0.10),132.510,9.224
3434,epsilon-greedy(0.10),133.368,9.235
3485,epsilon-greedy(0.10),134.324,9.230
3535,epsilon-greedy(0.10),135.256,9.237
3586,epsilon-greedy(0.10),136.196,9.241
3636,epsilon-greedy(0.10),137.094,9.237
3687,epsilon-greedy(0.10),137.998,9.239
3737,epsilon-greedy(0.10),138.874,9.233
3788,epsilon-greedy(0.10),139.776,9.235
3838,epsilon-greedy(0.10),140.666,9.233
3889,epsilon-greedy(0.10),141.568,9.228
3939,epsilon-greedy(0.10),142.422,9.224
3990,epsilon-greedy(0.10),143.316,9.216
4040,epsilon-greedy(0.10),144.216,9.216
4091,epsilon-greedy(0.10),145.178,9.217
4141,epsilon-greedy(0.10),146.102,9.217
4192,epsilon-greedy(0.10),146.962,9.220
4242,epsilon-greedy(0.10),147.836,9.221
4293,epsilon-greedy(0.10),148.758,9.224
4343,epsilon-greedy(0.10),149.698,9.227
4394,epsilon-greedy(0.10),150.640,9.226
4444,epsilon-greedy(0.10),151.540,9.222
4495,epsilon-greedy(0.10),152.528,9.230
4545,epsilon-greedy(0.10),153.420,9.220
4596,epsilon-greedy(0.10),154.354,9.223
4646,epsilon-greedy(0.10),155.254,9.228
4697,epsilon-greedy(0.10),156.148,9.223
4747,epsilon-greedy(0.10),157.054,9.222
4798,epsilon-greedy(0.10),158.006,9.226
4848,epsilon-greedy(0.10),158.926,9.222
4899,epsilon-greedy(0.10),159.812,9.216
4949,epsilon-greedy(0.10),160.768,9.210
5000,epsilon-greedy(0.10),161.684,9.204
1,epsilon-greedy(0.01),0.172,0.007
51,epsilon-greedy(0.01),8.138,0.378
101,epsilon-greedy(0.01),15.972,0.782
152,epsilon-greedy(0.01),23.864,1.200
202,epsilon-greedy(0.01),31.598,1.611
253,epsilon-greedy(0.01),39.378,2.030
303,epsilon-greedy(0.01),46.718,2.436
354,epsilon-greedy(0.01),54.006,2.850
404,epsilon-greedy(0.01),61.122,3.272
455,epsilon-greedy(0.01),68.376,3.703
505,epsilon-greedy(0.01),75.274,4.124
556,epsilon-greedy(0.01),82.110,4.552
606,epsilon-greedy(0.01),88.732,4.977
657,epsilon-greedy(0.01),95.360,5.408
707,epsilon-greedy(0.01),101.806,5.837
758,epsilon-greedy(0.01),108.376,6.277
808,epsilon-greedy(0.01),114.814,6.717
859,epsilon-greedy(0.01),121.286,7.166
909,epsilon-greedy(0.01),127.406,7.596
960,epsilon-greedy(0.01),133.568,8.020
1010,epsilon-greedy(0.01),139.380,8.442
1061,epsilon-greedy(0.01),145.174,8.872
1111,epsilon-greedy(0.01),150.606,9.282
1162,epsilon-greedy(0.01),156.066,9.700
1212,epsilon-greedy(0.01),161.414,10.118
1263,epsilon-greedy(0.01),166.920,10.544
1313,epsilon-greedy(0.01),172.264,10.975
1364,epsilon-greedy(0.01),177.652,11.415
1414,epsilon-greedy(0.01),182.878,11.851
1465,epsilon-greedy(0.01),188.200,12.295
1515,epsilon-greedy(0.01),193.342,12.726
1566,epsilon-greedy(0.01),198.432,13.164
1616,epsilon-greedy(0.01),203.378,13.594
1667,epsilon-greedy(0.01),208.414,14.036
1717,epsilon-greedy(0.01),213.208,14.459
1768,epsilon-greedy(0.01),217.968,14.885
1818,epsilon-greedy(0.01),222.638,15.304
1869,epsilon-greedy(0.01),227.258,15.725
1919,epsilon-greedy(0.01),231.710,16.137
1970,epsilon-greedy(0.01),236.250,16.562
2020,epsilon-greedy(0.01),240.700,16.983
2071,epsilon-greedy(0.01),245.156,17.406
2121,epsilon-greedy(0.01),249.418,17.817
2172,epsilon-greedy(0.01),253.640,18.231
2222,epsilon-greedy(0.01),257.828,18.635
2273,epsilon-greedy(0.01),261.972,19.046
2323,epsilon-greedy(0.01),266.056,19.453
2374,epsilon-greedy(0.01),270.182,19.868
2424,epsilon-greedy(0.01),274.232,20.278
2475,epsilon-greedy(0.01),278.268,20.691
2525,epsilon-greedy(0.01),281.990,21.080
2576,epsilon-greedy(0.01),285.710,21.469
2626,epsilon-greedy(0.01),289.272,21.844
2677,epsilon-greedy(0.01),292.886,22.227
2727,epsilon-greedy(0.01),296.366,22.598
2778,epsilon-greedy(0.01),299.894,22.980
2828,epsilon-greedy(0.01),303.282,23.353
2879,epsilon-greedy(0.01),306.706,23.732
2929,epsilon-greedy(0.01),309.978,24.097
2980,epsilon-greedy(0.01),313.318,24.471
3030,epsilon-greedy(0.01),316.562,24.843
3081,epsilon-greedy(0.01),319.874,25.224
3131,epsilon-greedy(0.01),323.046,25.591
3182,epsilon-greedy(0.01),326.292,25.964
3232,epsilon-greedy(0.01),329.470,26.334
3283,epsilon-greedy(0.01),332.698,26.716
3333,epsilon-greedy(0.01),335.844,27.089
3384,epsilon-greedy(0.01),339.036,27.467
3434,epsilon-greedy(0.01),342.098,27.837
3485,epsilon-greedy(0.01),345.236,28.216
3535,epsilon-greedy(0.01),348.296,28.590
3586,epsilon-greedy(0.01),351.344,28.966
3636,epsilon-greedy(0.01),354.298,29.332
3687,epsilon-greedy(0.01),357.316,29.709
3737,epsilon-greedy(0.01),360.280,30.080
3788,epsilon-greedy(0.01),363.306,30.462
3838,epsilon-greedy(0.01),366.206,30.829
3889,epsilon-greedy(0.01),369.030,31.187
3939,epsilon-greedy(0.01),371.790,31.541
3990,epsilon-greedy(0.01),374.578,31.898
4040,epsilon-greedy(0.01),377.248,32.245
4091,epsilon-greedy(0.01),379.952,32.596
4141,epsilon-greedy(0.01),382.502,32.934
4192,epsilon-greedy(0.01),385.094,33.279
4242,epsilon-greedy(0.01),387.644,33.621
4293,epsilon-greedy(0.01),390.296,33.970
4343,epsilon-greedy(0.01),392.768,34.302
4394,epsilon-greedy(0.01),395.288,34.642
4444,epsilon-greedy(0.01),397.752,34.976
4495,epsilon-greedy(0.01),400.262,35.318
4545,epsilon-greedy(0.01),402.732,35.656
4596,epsilon-greedy(0.01),405.264,36.004
4646,epsilon-greedy(0.01),407.676,36.340
4697,epsilon-greedy(0.01),410.086,36.678
4747,epsilon-greedy(0.01),412.468,37.010
4798,epsilon-greedy(0.01),414.844,37.342
4848,epsilon-greedy(0.01),417.112,37.665
4899,epsilon-greedy(0.01),419.418,37.995
4949,epsilon-greedy(0.01),421.534,38.295
5000,epsilon-greedy(0.01),423.648,38.599
1,ucb1,0.200,0.000
51,ucb1,8.982,0.036
101,ucb1,17.358,0.072
152,ucb1,25.714,0.116
202,ucb1,33.798,0.154
253,ucb1,41.842,0.196
303,ucb1,49.704,0.252
354,ucb1,57.342,0.286
404,ucb1,64.772,0.322
455,ucb1,72.124,0.380
505,ucb1,79.202,0.422
556,ucb1,86.370,0.454
606,ucb1,93.324,0.473
657,ucb1,100.322,0.525
707,ucb1,106.662,0.537
758,ucb1,113.064,0.568
808,ucb1,119.530,0.581
859,ucb1,125.784,0.623
909,ucb1,131.812,0.668
960,ucb1,138.060,0.733
1010,ucb1,143.990,0.768
1061,ucb1,149.824,0.855
1111,ucb1,155.616,0.909
1162,ucb1,161.658,0.964
1212,ucb1,167.174,1.021
1263,ucb1,172.786,1.034
1313,ucb1,177.904,1.065
1364,ucb1,183.074,1.131
1414,ucb1,188.282,1.153
1465,ucb1,193.350,1.139
1515,ucb1,198.278,1.170
1566,ucb1,203.142,1.202
1616,ucb1,207.808,1.269
1667,ucb1,212.640,1.325
1717,ucb1,217.348,1.368
1768,ucb1,222.004,1.382
1818,ucb1,226.450,1.434
1869,ucb1,230.562,1.460
1919,ucb1,234.754,1.474
1970,ucb1,239.200,1.529
2020,ucb1,243.394,1.547
2071,ucb1,247.226,1.557
2121,ucb1,250.730,1.564
2172,ucb1,254.566,1.618
2222,ucb1,258.198,1.639
2273,ucb1,262.010,1.687
2323,ucb1,266.006,1.725
2374,ucb1,269.664,1.713
2424,ucb1,273.668,1.713
2475,ucb1,277.440,1.711
2525,ucb1,281.304,1.722
2576,ucb1,285.006,1.755
2626,ucb1,288.616,1.832
2677,ucb1,291.838,1.840
2727,ucb1,295.042,1.856
2778,ucb1,298.166,1.894
2828,ucb1,301.496,1.937
2879,ucb1,304.476,1.928
2929,ucb1,307.608,1.941
2980,ucb1,311.010,1.949
3030,ucb1,314.222,1.939
3081,ucb1,317.398,1.934
3131,ucb1,320.830,1.960
3182,ucb1,323.648,1.979
3232,ucb1,326.346,1.983
3283,ucb1,329.166,1.980
3333,ucb1,331.918,1.999
3384,ucb1,334.960,2.027
3434,ucb1,337.978,2.019
3485,ucb1,340.544,2.030
3535,ucb1,342.880,2.063
3586,ucb1,345.736,2.143
3636,ucb1,348.562,2.149
3687,ucb1,350.834,2.163
3737,ucb1,353.084,2.198
3788,ucb1,356.062,2.264
3838,ucb1,358.706,2.263
3889,ucb1,361.106,2.252
3939,ucb1,363.268,2.257
3990,ucb1,365.698,2.241
4040,ucb1,367.822,2.248
4091,ucb1,369.926,2.215
4141,ucb1,372.232,2.231
4192,ucb1,374.284,2.230
4242,ucb1,376.618,2.228
4293,ucb1,378.490,2.198
4343,ucb1,380.558,2.227
4394,ucb1,382.708,2.248
4444,ucb1,384.632,2.291
4495,ucb1,386.768,2.318
4545,ucb1,388.822,2.352
4596,ucb1,390.802,2.370
4646,ucb1,392.808,2.367
4697,ucb1,394.664,2.409
4747,ucb1,396.772,2.452
4798,ucb1,398.584,2.484
4848,ucb1,400.090,2.473
4899,ucb1,401.892,2.482
4949,ucb1,403.858,2.466
5000,ucb1,406.010,2.493
1,thompson,0.176,0.007
51,thompson,8.606,0.075
101,thompson,15.880,0.207
152,thompson,22.186,0.351
202,thompson,27.620,0.501
253,thompson,32.296,0.673
303,thompson,36.222,0.848
354,thompson,39.652,0.999
404,thompson,42.532,1.114
455,thompson,45.018,1.197
505,thompson,47.026,1.258
556,thompson,48.762,1.286
606,thompson,50.368,1.318
657,thompson,51.806,1.358
707,thompson,53.060,1.380
758,thompson,54.194,1.399
808,thompson,55.150,1.422
859,thompson,56.052,1.441
909,thompson,56.860,1.443
960,thompson,57.628,1.446
1010,thompson,58.372,1.450
1061,thompson,59.080,1.463
1111,thompson,59.686,1.459
1162,thompson,60.220,1.460
1212,thompson,60.778,1.456
1263,thompson,61.322,1.458
1313,thompson,61.848,1.458
1364,thompson,62.242,1.452
1414,thompson,62.698,1.451
1465,thompson,63.156,1.452
1515,thompson,63.570,1.453
1566,thompson,64.000,1.449
1616,thompson,64.424,1.445
1667,thompson,64.776,1.442
1717,thompson,65.122,1.444
1768,thompson,65.436,1.445
1818,thompson,65.776,1.443
1869,thompson,66.066,1.444
1919,thompson,66.384,1.441
1970,thompson,66.716,1.436
2020,thompson,67.034,1.433
2071,thompson,67.336,1.431
2121,thompson,67.648,1.432
2172,thompson,67.930,1.426
2222,thompson,68.236,1.422
2273,thompson,68.542,1.420
2323,thompson,68.832,1.414
2374,thompson,69.092,1.414
2424,thompson,69.378,1.414
2475,thompson,69.666,1.413
2525,thompson,69.946,1.411
2576,thompson,70.144,1.411
2626,thompson,70.374,1.412
2677,thompson,70.606,1.410
2727,thompson,70.876,1.406
2778,thompson,71.146,1.404
2828,thompson,71.344,1.403
2879,thompson,71.496,1.404
2929,thompson,71.694,1.402
2980,thompson,71.894,1.402
3030,thompson,72.100,1.402
3081,thompson,72.296,1.398
3131,thompson,72.500,1.398
3182,thompson,72.710,1.396
3232,thompson,72.880,1.393
3283,thompson,73.052,1.394
3333,thompson,73.240,1.393
3384,thompson,73.450,1.397
3434,thompson,73.650,1.396
3485,thompson,73.838,1.397
3535,thompson,74.000,1.395
3586,thompson,74.186,1.396
3636,thompson,74.366,1.396
3687,thompson,74.544,1.397
3737,thompson,74.722,1.396
3788,thompson,74.862,1.397
3838,thompson,74.984,1.396
3889,thompson,75.124,1.394
3939,thompson,75.288,1.393
3990,thompson,75.444,1.391
4040,thompson,75.610,1.393
4091,thompson,75.780,1.391
4141,thompson,75.936,1.388
4192,thompson,76.084,1.388
4242,thompson,76.236,1.385
4293,thompson,76.394,1.384
4343,thompson,76.556,1.382
4394,thompson,76.676,1.384
4444,thompson,76.806,1.382
4495,thompson,76.934,1.381
4545,thompson,77.042,1.381
4596,thompson,77.180,1.383
4646,thompson,77.304,1.382
4697,thompson,77.466,1.378
4747,thompson,77.626,1.378
4798,thompson,77.744,1.378
4848,thompson,77.848,1.379
4899,thompson,77.950,1.378
4949,thompson,78.080,1.377
5000,thompson,78.192,1.377
